{"cameraMode":{"drawMode":0,"name":"Shaded","section":"Shading Mode"},"sceneLighting":false,"audioPlay":false,"sceneViewState":{"showFog":true,"showMaterialUpdate":false,"showSkybox":true,"showFlares":true,"showImageEffects":true,"showParticleSystems":true},"in2DMode":false,"pivot":{"x":4.420000076293945,"y":0.5,"z":4.260000228881836},"rotation":{"x":0.6800925731658936,"y":-0.0032990307081490757,"z":0.003060433780774474,"w":0.7331124544143677},"size":2.8578836917877199,"orthographic":true}